{"cameraMode":{"drawMode":0,"name":"Shaded","section":"Shading Mode"},"sceneLighting":false,"audioPlay":false,"sceneViewState":{"m_AlwaysRefresh":false,"showFog":true,"showSkybox":false,"showFlares":true,"showImageEffects":true,"showParticleSystems":true,"showVisualEffectGraphs":true,"m_FxEnabled":true},"in2DMode":false,"pivot":{"x":2.0535640716552736,"y":-0.13253778219223023,"z":-0.13534483313560487},"rotation":{"x":-0.15629011392593385,"y":0.8215116858482361,"z":-0.2685125768184662,"w":-0.4781397879123688},"size":2.2567341327667238,"orthographic":false}