{"cameraMode":{"drawMode":0,"name":"Shaded","section":"Shading Mode"},"sceneLighting":false,"audioPlay":false,"sceneViewState":{"m_AlwaysRefresh":false,"showFog":true,"showSkybox":false,"showFlares":true,"showImageEffects":true,"showParticleSystems":true,"showVisualEffectGraphs":true,"m_FxEnabled":true},"in2DMode":false,"pivot":{"x":1.0535396337509156,"y":0.8009268045425415,"z":-2.1738104820251467},"rotation":{"x":-0.12712804973125459,"y":0.6083844900131226,"z":-0.09788094460964203,"w":-0.7775474190711975},"size":1.0968869924545289,"orthographic":true}