{"cameraMode":{"drawMode":0,"name":"Shaded","section":"Shading Mode"},"sceneLighting":false,"audioPlay":false,"sceneViewState":{"m_AlwaysRefresh":false,"showFog":true,"showSkybox":false,"showFlares":true,"showImageEffects":true,"showParticleSystems":true,"showVisualEffectGraphs":true,"m_FxEnabled":true},"in2DMode":false,"pivot":{"x":1.1811537742614747,"y":1.9928555488586426,"z":7.245850563049316},"rotation":{"x":-0.059510938823223117,"y":-0.8872129917144775,"z":0.12307669222354889,"w":-0.44117066264152529},"size":8.605196952819825,"orthographic":true}